{
  "Routes": [
    {
      "UpstreamPathTemplate": "/vuelosfree",
      "UpstreamHttpMethod": ["Get", "Post", "Put", "Delete", "Options"],
      "Key": "user-transactions",

      "DownstreamPathTemplate": "/vuelo",
      "DownstreamScheme": "http",
      "DownstreamHostAndPorts": [
        {
          "Host": "localhost",
          "Port": 8080
        }
      ]
    }
  ],
  "GlobalConfiguration": {
    "RequestIdKey": "OcRequestId",
    "AdministrationPath": "/administration",
    "BaseUrl": "https://localhost:8181/"
  }
}
