{"_type":"export","__export_format":4,"__export_date":"2022-09-25T07:08:28.952Z","__export_source":"insomnia.desktop.app:v2022.5.1","resources":[{"_id":"req_eb5945a038d24356838a575efbcfcfe2","parentId":"fld_70edec0a971a4594b31caefbbbc0f16f","modified":1661327538706,"created":1661327351365,"url":"{{ _.url }}api/user-posts","name":"user-posts","description":"","method":"GET","body":{},"parameters":[],"headers":[],"authentication":{},"metaSortKey":-1651018249255,"isPrivate":false,"settingStoreCookies":true,"settingSendCookies":true,"settingDisableRenderRequestBody":false,"settingEncodeUrl":true,"settingRebuildPath":true,"settingFollowRedirects":"global","_type":"request"},{"_id":"fld_70edec0a971a4594b31caefbbbc0f16f","parentId":"wrk_f947f1cd9de448d993d53fabe721a255","modified":1661327575134,"created":1661327351353,"name":"Actividad1","description":"","environment":{},"environmentPropertyOrder":null,"metaSortKey":-1651018165303,"_type":"request_group"},{"_id":"wrk_f947f1cd9de448d993d53fabe721a255","parentId":null,"modified":1664089638647,"created":1661327351331,"name":"Practico 1 - Jsonplaceholder.typicode.com","description":"","scope":"collection","_type":"workspace"},{"_id":"req_e27000fe8bf8472eaf86c7b852bb591c","parentId":"fld_70edec0a971a4594b31caefbbbc0f16f","modified":1661327524195,"created":1661327520349,"url":"{{ _.url }}api/posts","name":"posts","description":"","method":"GET","body":{},"parameters":[],"headers":[],"authentication":{},"metaSortKey":-1651018249254.5,"isPrivate":false,"settingStoreCookies":true,"settingSendCookies":true,"settingDisableRenderRequestBody":false,"settingEncodeUrl":true,"settingRebuildPath":true,"settingFollowRedirects":"global","_type":"request"},{"_id":"req_2226d47bd6454e2a9f5dff1037ec32ef","parentId":"fld_70edec0a971a4594b31caefbbbc0f16f","modified":1661327506161,"created":1661327500423,"url":"{{ _.url }}api/users","name":"users","description":"","method":"GET","body":{},"parameters":[],"headers":[],"authentication":{},"metaSortKey":-1651018249254,"isPrivate":false,"settingStoreCookies":true,"settingSendCookies":true,"settingDisableRenderRequestBody":false,"settingEncodeUrl":true,"settingRebuildPath":true,"settingFollowRedirects":"global","_type":"request"},{"_id":"env_ecb7299dfa974b1388fcb68fb03b0782","parentId":"wrk_f947f1cd9de448d993d53fabe721a255","modified":1661327620669,"created":1661327351334,"name":"Base Environment","data":{},"dataPropertyOrder":{},"color":null,"isPrivate":false,"metaSortKey":1651018155795,"_type":"environment"},{"_id":"jar_93df6f69d7dc4b0e9121409a85f28172","parentId":"wrk_f947f1cd9de448d993d53fabe721a255","modified":1661327351347,"created":1661327351347,"name":"Default Jar","cookies":[],"_type":"cookie_jar"},{"_id":"spc_9c02c27168434950855ae159703cbc48","parentId":"wrk_f947f1cd9de448d993d53fabe721a255","modified":1661327351399,"created":1661327351350,"fileName":"dmsnur-vuelodddddddddd","contents":"","contentType":"yaml","_type":"api_spec"},{"_id":"env_d447fadd95f5432989b868864c9b8751","parentId":"env_ecb7299dfa974b1388fcb68fb03b0782","modified":1663152464032,"created":1661327351336,"name":"7080","data":{"url":"https://localhost:7080/"},"dataPropertyOrder":{"&":["url"]},"color":"#21d436","isPrivate":false,"metaSortKey":1651018285820,"_type":"environment"},{"_id":"env_81c3587e18404a0a917a0aaec2b701b8","parentId":"env_ecb7299dfa974b1388fcb68fb03b0782","modified":1663149196185,"created":1661327626878,"name":"5080","data":{"url":"http://localhost:5080/"},"dataPropertyOrder":{"&":["url"]},"color":"#e16b09","isPrivate":false,"metaSortKey":1651018581747,"_type":"environment"}]}